Quito,neg
Eastern Time (US & Canada),neg
London,neg
None,neg
Central Time (US & Canada),neg
Eastern Time (US & Canada),neg
None,neg
None,neg
Eastern Time (US & Canada),neg
West Central Africa,neg
None,neg
Pacific Time (US & Canada),neg
Quito,neg
Pacific Time (US & Canada),neg
None,neg
Eastern Time (US & Canada),neg
Africa/Dar_es_Salaam,neg
London,neg
None,neg
Arizona,neg
Quito,neg
London,neg
America/Jamaica,neg
London,neg
London,neg
None,neg
None,neg
Casablanca,neg
None,neg
None,neg
None,neg
Paris,neg
None,neg
None,neg
Brasilia,neg
Helsinki,neg
None,neg
Eastern Time (US & Canada),neg
