Pacific Time (US & Canada),neg
None,neg
Eastern Time (US & Canada),neg
Pacific Time (US & Canada),neg
Eastern Time (US & Canada),neg
Central Time (US & Canada),neg
None,neg
None,neg
None,neg
None,neg
Eastern Time (US & Canada),neg
None,neg
Pacific Time (US & Canada),neg
None,neg
Eastern Time (US & Canada),neg
Central Time (US & Canada),neg
Eastern Time (US & Canada),neg
Central Time (US & Canada),neg
Quito,neg
Central Time (US & Canada),neg
Eastern Time (US & Canada),neg
Quito,neg
Eastern Time (US & Canada),neg
None,neg
Pacific Time (US & Canada),neg
Central Time (US & Canada),neg
None,neg
Quito,neg
