Eastern Time (US & Canada),pos
Central Time (US & Canada),pos
Eastern Time (US & Canada),pos
None,pos
Eastern Time (US & Canada),pos
Eastern Time (US & Canada),pos
None,pos
None,pos
Eastern Time (US & Canada),pos
Central Time (US & Canada),pos
None,pos
Central Time (US & Canada),pos
Eastern Time (US & Canada),pos
Pacific Time (US & Canada),pos
Eastern Time (US & Canada),pos
Pacific Time (US & Canada),pos
None,pos
Central Time (US & Canada),pos
Central Time (US & Canada),pos
None,pos
None,pos
Central Time (US & Canada),pos
Pacific Time (US & Canada),pos
Pacific Time (US & Canada),pos
Atlantic Time (Canada),pos
Pacific Time (US & Canada),pos
Eastern Time (US & Canada),pos
Quito,pos
Eastern Time (US & Canada),pos
Central Time (US & Canada),pos
Mountain Time (US & Canada),pos
America/Chicago,pos
Eastern Time (US & Canada),pos
None,pos
Mountain Time (US & Canada),pos
Central Time (US & Canada),pos
Eastern Time (US & Canada),pos
Eastern Time (US & Canada),pos
Central Time (US & Canada),pos
None,pos
None,pos
