None,pos,WORLD
Quito,pos,EC
Atlantic Time (Canada),pos,CA
Quito,pos,EC
Pacific Time (US & Canada),pos,US
Quito,pos,EC
Baghdad,pos,IQ
Central Time (US & Canada),pos,US
Quito,pos,EC
Baku,pos,AZ
Quito,pos,EC
Paris,pos,FR
Eastern Time (US & Canada),pos,US
Central Time (US & Canada),pos,US
Eastern Time (US & Canada),pos,US
Pacific Time (US & Canada),pos,US
Mountain Time (US & Canada),pos,US
Eastern Time (US & Canada),pos,US
Central Time (US & Canada),pos,US
Midway Island,pos,WORLD
Eastern Time (US & Canada),pos,US
London,pos,GB
None,pos,WORLD
None,pos,WORLD
Eastern Time (US & Canada),pos,US
Pacific Time (US & Canada),pos,US
Pacific Time (US & Canada),pos,US
None,pos,WORLD
None,pos,WORLD
None,pos,WORLD
Central Time (US & Canada),pos,US
Pacific Time (US & Canada),pos,US
Eastern Time (US & Canada),pos,US
Chennai,pos,IN
Mountain Time (US & Canada),pos,US
None,pos,WORLD
Eastern Time (US & Canada),pos,US
None,pos,WORLD
None,pos,WORLD
None,pos,WORLD
