None,neg,WORLD
Eastern Time (US & Canada),neg,US
Athens,neg,GR
None,neg,WORLD
None,neg,WORLD
Mountain Time (US & Canada),neg,US
Central Time (US & Canada),neg,US
Europe/Amsterdam,neg,NL
None,neg,WORLD
Mumbai,neg,IN
Pacific Time (US & Canada),neg,US
Pacific Time (US & Canada),neg,US
Pacific Time (US & Canada),neg,US
Pacific Time (US & Canada),neg,US
Pacific Time (US & Canada),neg,US
Pacific Time (US & Canada),neg,US
Saskatchewan,neg,CA
None,neg,WORLD
Quito,neg,EC
Mountain Time (US & Canada),neg,US
None,neg,WORLD
Brasilia,neg,BR
Buenos Aires,neg,AR
None,neg,WORLD
Eastern Time (US & Canada),neg,US
None,neg,WORLD
Pacific Time (US & Canada),neg,US
Pacific Time (US & Canada),neg,US
None,neg,WORLD
Eastern Time (US & Canada),neg,US
Eastern Time (US & Canada),neg,US
Pacific Time (US & Canada),neg,US
None,neg,WORLD
Central Time (US & Canada),neg,US
None,neg,WORLD
Brisbane,neg,AU
None,neg,WORLD
Pacific Time (US & Canada),neg,US
None,neg,WORLD
Atlantic Time (Canada),neg,CA
Eastern Time (US & Canada),neg,US
Eastern Time (US & Canada),neg,US
None,neg,WORLD
Warsaw,neg,PL
Fiji,neg,FJ
Mumbai,neg,IN
Mumbai,neg,IN
Mumbai,neg,IN
None,neg,WORLD
Atlantic Time (Canada),neg,CA
None,neg,WORLD
Eastern Time (US & Canada),neg,US
Pacific Time (US & Canada),neg,US
Hawaii,neg,US
Mountain Time (US & Canada),neg,US
Arizona,neg,US
None,neg,WORLD
Central Time (US & Canada),neg,US
Pacific Time (US & Canada),neg,US
Abu Dhabi,neg,AE
None,neg,WORLD
None,neg,WORLD
Eastern Time (US & Canada),neg,US
None,neg,WORLD
None,neg,WORLD
None,neg,WORLD
Pacific Time (US & Canada),neg,US
Pacific Time (US & Canada),neg,US
Central Time (US & Canada),neg,US
Atlantic Time (Canada),neg,CA
Eastern Time (US & Canada),neg,US
Eastern Time (US & Canada),neg,US
Alaska,neg,US
